,EC,KCAT VALUE,SUBSTRATE,ORGANISM,UNIPROT,COMMENTARY,LITERATURE
0,7.1.1.1,0.0667,reduced acetylpyridine adenine dinucleotide,Escherichia coli,[],reverse reaction of wild-type domain III/R. rubrum domain I mixture,392667
1,7.1.1.1,0.1,reduced acetylpyridine adenine dinucleotide,Escherichia coli,[],reverse reaction of A432C mutant domain III/R. rubrum domain I mixture,392667
2,7.1.1.1,0.117,reduced acetylpyridine adenine dinucleotide,Escherichia coli,[],reverse reaction of D393C mutant domain III/R. rubrum domain I mixture,392667
3,7.1.1.1,0.167,reduced acetylpyridine adenine dinucleotide,Escherichia coli,[],reverse reaction of H345C mutant domain III/R. rubrum domain I mixture,392667
4,7.1.1.1,0.167,reduced acetylpyridine adenine dinucleotide,Escherichia coli,[],reverse reaction of R350C mutant domain III/R. rubrum domain I mixture,392667
5,7.1.1.1,0.283,reduced acetylpyridine adenine dinucleotide,Escherichia coli,[],reverse reaction of K424C mutant domain III/R. rubrum domain I mixture,392667
6,7.1.1.1,0.283,reduced acetylpyridine adenine dinucleotide,Escherichia coli,[],reverse reaction of R425C mutant domain III/R. rubrum domain I mixture,392667
7,7.1.1.1,0.55,reduced acetylpyridine adenine dinucleotide,Escherichia coli,[],reverse reaction of A348C mutant domain III/R. rubrum domain I mixture,392667
8,7.1.1.1,0.567,reduced acetylpyridine adenine dinucleotide,Escherichia coli,[],reverse reaction of G430C mutant domain III/R. rubrum domain I mixture,392667
9,7.1.1.1,0.917,reduced acetylpyridine adenine dinucleotide,Escherichia coli,[],reverse reaction of D392C mutant domain III/R. rubrum domain I mixture,392667
10,7.1.1.1,10,reduced acetylpyridine adenine dinucleotide,Escherichia coli,[],cyclic reaction of R425C mutant domain III/R. rubrum domain I mixture,392667
11,7.1.1.1,11.7,reduced acetylpyridine adenine dinucleotide,Escherichia coli,[],cyclic reaction of G430C mutant domain III/R. rubrum domain I mixture,392667
12,7.1.1.1,15,reduced acetylpyridine adenine dinucleotide,Escherichia coli,[],cyclic reaction of D392C mutant domain III/R. rubrum domain I mixture,392667
13,7.1.1.1,20.8,reduced acetylpyridine adenine dinucleotide,Escherichia coli,[],cyclic reaction of H345C mutant domain III/R. rubrum domain I mixture,392667
14,7.1.1.1,33.3,reduced acetylpyridine adenine dinucleotide,Escherichia coli,[],cyclic reaction of R350C mutant domain III/R. rubrum domain I mixture,392667
15,7.1.1.1,36.7,reduced acetylpyridine adenine dinucleotide,Escherichia coli,[],cyclic reaction of K424C mutant domain III/R. rubrum domain I mixture,392667
16,7.1.1.1,40,reduced acetylpyridine adenine dinucleotide,Escherichia coli,[],cyclic reaction of D393C mutant domain III/R. rubrum domain I mixture,392667
17,7.1.1.1,51.7,reduced acetylpyridine adenine dinucleotide,Escherichia coli,[],cyclic reaction of A432C mutant domain III/R. rubrum domain I mixture,392667
18,7.1.1.1,55,reduced acetylpyridine adenine dinucleotide,Escherichia coli,[],cyclic reaction of A348C mutant domain III/R. rubrum domain I mixture,392667
19,7.1.1.1,81.7,reduced acetylpyridine adenine dinucleotide,Escherichia coli,[],cyclic reaction of wild-type domain III/R. rubrum domain I mixture,392667
20,7.1.1.2,8.33,"2,3-dimethoxy-5-methyl-6-[(6-methyl-2,3-dihydroimidazo[2,1-b][1,3]thiazol-5-yl)methyl]benzo-1,4-quinone",Bos taurus,[],-,658265
21,7.1.1.2,81.73,"2,3-dimethoxy-5-methyl-6-[(6-methylimidazo[2,1-b][1,3]thiazol-5-yl)methyl]benzo-1,4-quinone",Bos taurus,[],-,658265
22,7.1.1.2,23.88,"2,3-dimethoxy-5-methyl-6-[(6-phenylimidazo[2,1-b][1,3]thiazol-5-yl)methyl]benzo-1,4-quinone",Bos taurus,[],-,658265
23,7.1.1.2,11.22,"2-[(2,6-dimethylimidazo[2,1-b][1,3]thiazol-5-yl)methyl]-5,6-dimethoxy-3-methylbenzo-1,4-quinone",Bos taurus,[],-,658265
24,7.1.1.2,42.95,"2-[(2-chloro-6-methylimidazo[2,1-b][1,3]thiazol-5-yl)methyl]-5,6-dimethoxy-3-methylbenzo-1,4-quinone",Bos taurus,[],-,658265
25,7.1.1.2,25.8,"2-[(2-chloro-6-phenylimidazo[2,1-b][1,3]thiazol-5-yl)methyl]-5,6-dimethoxy-3-methylbenzo-1,4-quinone",Bos taurus,[],-,658265
26,7.1.1.2,63.46,"2-[(6-chloro-2,3-dihydroimidazo[2,1-b][1,3]thiazol-5-yl)methyl]-5,6-dimethoxy-3-methylbenzo-1,4-quinone",Bos taurus,[],-,658265
27,7.1.1.2,76.28,"2-[(6-chloro-2-methylimidazo[2,1-b][1,3]thiazol-5-yl)methyl]-5,6-dimethoxy-3-methylbenzo-1,4-quinone",Bos taurus,[],-,658265
28,7.1.1.2,62.82,"2-[(6-chloroimidazo[2,1-b][1,3]thiazol-5-yl)methyl]-5,6-dimethoxy-3-methylbenzo-1,4-quinone",Bos taurus,[],-,658265
29,7.1.1.2,47.69,coenzyme Q0,Bos taurus,[],-,658265
30,7.1.1.2,211.5,coenzyme Q1,Bos taurus,[],-,658265
31,7.1.1.2,1500,hexaammineruthenium-III-chloride,Escherichia coli,[],-,672041
32,7.1.1.2,0.077,menadione,Plasmodium falciparum,[],"pH 8.0, 25xc2xb0C",696700
33,7.1.1.2,423,menaquinone,Mycobacterium tuberculosis,[],"pH 7.0, temperature not specified in the publication",731312
34,7.1.1.2,0.9,NADH,Thermus thermophilus,"['Q70DV6', 'Q72HK3']","pH 7.5, 60xc2xb0C",742028
35,7.1.1.2,1.1,NADH,Thermus thermophilus,"['Q70DV6', 'Q72HK3']","pH 7.5, 60xc2xb0C",742028
36,7.1.1.2,2 - 8,NADH,Escherichia coli,[],"mutant E183Q, pH 6.0, 30xc2xb0C",725443
37,7.1.1.2,2.7,NADH,Bos taurus,[],"pH 7.6, 32xc2xb0C, cosubstrate: ubiquinone-1, ubiquinone-0 or idebenone",696312
38,7.1.1.2,11,NADH,Escherichia coli,[],"mutant E183N, pH 6.0, 30xc2xb0C",725443
39,7.1.1.2,26,NADH,Escherichia coli,[],"wild-type enzyme, pH 6.0, 30xc2xb0C",725443
40,7.1.1.2,37,NADH,Escherichia coli,[],"mutants E183D and E18H, pH 6.0, 30xc2xb0C",725443
41,7.1.1.2,80 - 100,NADH,Saccharomyces cerevisiae,[],"with ubiquinone-6 as acceptor, Triton assay medium",392679
42,7.1.1.2,500 - 550,NADH,Saccharomyces cerevisiae,[],"with ubiquinone-6 as acceptor, mitochondria",392679
43,7.1.1.2,3,NADPH,Escherichia coli,[],"wild-type enzyme, pH 6.0, 30xc2xb0C",725443
44,7.1.1.2,10,NADPH,Escherichia coli,[],"mutant E183H, pH 6.0, 30xc2xb0C",725443
45,7.1.1.2,11,NADPH,Escherichia coli,[],"mutant E183N, pH 6.0, 30xc2xb0C",725443
46,7.1.1.2,14,NADPH,Escherichia coli,[],"mutant E183Q, pH 6.0, 30xc2xb0C",725443
47,7.1.1.2,34,NADPH,Escherichia coli,[],"mutant E183D, pH 6.0, 30xc2xb0C",725443
48,7.1.1.2,0.032,oxidized dichlorophenolindophenol,Plasmodium falciparum,[],"pH 8.0, 25xc2xb0C",696700
49,7.1.1.2,0.33,ubiquinone-0,Plasmodium falciparum,[],"pH 8.0, 25xc2xb0C",696700
50,7.1.1.2,480,ubiquinone-0,Mycobacterium tuberculosis,[],"pH 7.0, temperature not specified in the publication",731312
51,7.1.1.2,0.015,ubiquinone-1,Plasmodium falciparum,[],"pH 8.0, 25xc2xb0C",696700
52,7.1.1.2,664,ubiquinone-1,Plasmodium falciparum,['Q8I302'],"pH 7.0, 25xc2xb0C",743066
53,7.1.1.2,640,ubiquinone-2,Mycobacterium tuberculosis,[],"pH 7.0, temperature not specified in the publication",731312
54,7.1.1.3,300,ubiquinol-1,Escherichia coli,[],"in 60 mM Tris-HCl (pH 7.5), at 25xc2xb0C",714286
55,7.1.1.3,341,ubiquinol-1,Escherichia coli,[],"in 60 mM Tris-HCl (pH 7.5), at 25xc2xb0C",714286
56,7.1.1.4,239,caldariellaquinol,Sulfolobus acidocaldarius,['P39480; P98004; P39479; P39477'],"pH 6.5, 50xc2xb0C, enzyme in liposomes (tetraether lipids)",719793
57,7.1.1.4,393,caldariellaquinol,Sulfolobus acidocaldarius,['P39480; P98004; P39479; P39477'],"pH 6.5, 50xc2xb0C, enzyme in detergent micelle (dodecyl-beta-D-maltoside)",719793
58,7.1.1.4,1.5,ferrocytochrome c,Aeropyrum pernix,[],"pH 7.5, 40xc2xb0C",718705
59,7.1.1.4,66.9,"N,N,N',N'-tetramethyl-1,4-phenylenediamine",Aeropyrum pernix,[],"pH 7.5, 25xc2xb0C",718705
60,7.1.1.4,157,"N,N,N',N'-tetramethyl-1,4-phenylenediamine",Sulfolobus acidocaldarius,['P39480; P98004; P39479; P39477'],"pH 6.5, 40xc2xb0C, enzyme in detergent micelle (dodecyl-beta-D-maltoside)",719793
61,7.1.1.4,404,"N,N,N',N'-tetramethyl-1,4-phenylenediamine",Sulfolobus acidocaldarius,['P39480; P98004; P39479; P39477'],"pH 6.5, 40xc2xb0C, enzyme in liposomes (tetraether lipids)",719793
62,7.1.1.5,61,"2,3-dimethyl-1,4-naphthoquinone",Bacillus subtilis,[],"in 50 mM Tris, pH 7.0, at 25xc2xb0C",715507
63,7.1.1.5,65,"2,3-dimethyl-1,4-naphthoquinone",Bacillus subtilis,[],"in phosphate buffer, pH 6.5, containing 0.5 mg/ml lauryl maltoside, temperature not specified in the publication",714146
64,7.1.1.5,180,dimethylnitrosamine,Bacillus subtilis,[],"wild type enzyme, at pH 6.8 and 25xc2xb0C",741917
65,7.1.1.5,227,dimethylnitrosamine,Bacillus subtilis,[],"mutant enzyme R70H, at pH 6.8 and 25xc2xb0C",741917
66,7.1.1.6,0.333,cytochrome c1,Trichormus variabilis,[],-,395300
67,7.1.1.6,4.17 - 5,cytochrome f,Chlamydomonas reinhardtii,[],with plastocyanin as acceptor,395323
68,7.1.1.6,14 - 34,cytochrome f,Spinacia oleracea,[],-,"395293, <a href=""./literature.php?e=7.1.1.6&r=395302"" target=""_blank"">395302</span></div><div id=""tab44r1sr1c6"" class=""cell""><span>-"
69,7.1.1.7,101,H2O2[side 2],Escherichia coli,"['P0ABJ9; <a href=""javascript:Sequence2(\'P0ABK2\')"">P0ABK2; <a href=""javascript:Sequence2(\'P56100\')"">P56100']","pH 7.0, temperature not specified in the publication",752197
70,7.1.1.8,7.83,2 ferricytochrome c,Paracoccus denitrificans,[],-,439995
71,7.1.1.8,165,2 ferricytochrome c,Paracoccus denitrificans,[],"mutant with truncated cytochrome c1, membrane fraction",696165
72,7.1.1.8,170,2 ferricytochrome c,Paracoccus denitrificans,[],"wild type, membrane fraction",696165
73,7.1.1.8,517,2 ferricytochrome c,Paracoccus denitrificans,[],"mutant with truncated cytochrome c1, purified bc1 complex",696165
74,7.1.1.8,919,2 ferricytochrome c,Paracoccus denitrificans,[],"wild type, purified bc1 complex",696165
75,7.1.1.8,0.333,2 ferricytochrome c1,Trichormus variabilis,[],-,"395300, <a href=""./literature.php?e=7.1.1.8&r=440015"" target=""_blank"">440015</span></div><div id=""tab44r1sr0c6"" class=""cell""><span>-"
76,7.1.1.8,0.833,2 ferricytochrome c1,Bacillus sp. (in: Bacteria),[],-,440015
77,7.1.1.8,1.07 - 1.17,2 ferricytochrome c1,Rhodobacter capsulatus,[],-,440015
78,7.1.1.8,1.25,2 ferricytochrome c1,Rhodospirillum rubrum,[],-,440010
79,7.1.1.8,3.9,2 ferricytochrome c1,Rhodospirillum rubrum,[],-,440015
80,7.1.1.8,8.33 - 11.7,2 ferricytochrome c1,Paracoccus denitrificans,[],-,440015
81,7.1.1.8,4.17 - 5,2 horse heart ferricytochrome c1,Cereibacter sphaeroides,[],-,440012
82,7.1.1.8,66.7,"2,3-Dimethoxy-5-methyl-6-(10-bromodecyl)-1,4-benzoquinol",Rhodospirillum rubrum,[],-,440010
83,7.1.1.8,10.2,cytochrome c,Bos taurus,[],reconstituted into proteoliposomes,440026
84,7.1.1.8,10.3,cytochrome c,Bos taurus,[],solubilized in presence of 0.1% bovine serum albumin,440026
85,7.1.1.8,13.3,cytochrome c,Bos taurus,[],-,439995
86,7.1.1.8,25,cytochrome c,Cereibacter sphaeroides,[],-,439965
87,7.1.1.8,25 - 35,cytochrome c,Cereibacter sphaeroides,[],-,440012
88,7.1.1.8,25 - 66.7,cytochrome c,Bos taurus,[],-,439995
89,7.1.1.8,82,cytochrome c,Saccharomyces cerevisiae,[],purified enzyme,659238
90,7.1.1.8,0.133,cytochrome c1,Cereibacter sphaeroides,[],-,395300
91,7.1.1.8,0.333,cytochrome c1,Neurospora crassa,[],-,440015
92,7.1.1.8,2.13 - 3,cytochrome c1,Cereibacter sphaeroides,[],-,440015
93,7.1.1.8,3.33,cytochrome c1,Saccharomyces cerevisiae,[],-,395300
94,7.1.1.8,3.67 - 5.08,cytochrome c1,Saccharomyces cerevisiae,[],-,440015
95,7.1.1.8,66.7,cytochrome c1,Bos taurus,[],-,"395300, <a href=""./literature.php?e=7.1.1.8&r=439967"" target=""_blank"">439967</span></div><div id=""tab44r5sr5c6"" class=""cell""><span><a href=""javascript:MolPicture('1588')""><img src=""./images/icon_structure.png"">"
96,7.1.1.8,65,decylubiquinol,Saccharomyces cerevisiae,[],"pH 7.0, wild-type enzyme",674702
97,7.1.1.8,140 - 240,decylubiquinol,Saccharomyces cerevisiae,[],"different purified enzyme preparations, in 0.01% Tween 20, 250 mM sucrose",659170
98,7.1.1.8,143,decylubiquinol,Saccharomyces cerevisiae,[],"pH 8.0, 23xc2xb0C",674484
99,7.1.1.8,10,QH2,Saccharomyces cerevisiae,[],"pH 7.0, 23xc2xb0C, mutant Y279C",674433
100,7.1.1.8,15,QH2,Saccharomyces cerevisiae,[],"pH 7.0, 23xc2xb0C, mutant L282V",674433
101,7.1.1.8,20,QH2,Saccharomyces cerevisiae,[],"pH 7.0, 23xc2xb0C, mutant Y279S",674433
102,7.1.1.8,30,QH2,Saccharomyces cerevisiae,[],"pH 7.0, 23xc2xb0C, mutant I269M",674433
103,7.1.1.8,220,QH2,Saccharomyces cerevisiae,[],"pH 7.0, 23xc2xb0C, wild-type enzyme and mutant F278I",674433
104,7.1.1.8,76,rhodoquinol-3,Saccharomyces cerevisiae,[],"pH 8.0, 23xc2xb0C",674484
105,7.1.1.8,28.3,ubihydroquinone,Bos taurus,[],-,440026
106,7.1.1.8,140 - 160,ubiquinol,Saccharomyces cerevisiae,[],"pH 7.0, 22xc2xb0C",659443
107,7.1.1.9,50 - 100,cytochrome c,eukaryota,[],"soluble enzyme, higher values for particulate enzyme",396050
108,7.1.1.9,15.3,diaminodurene,Micrococcus luteus,[],ascorbate/diaminodurene assay system,396051
109,7.1.1.9,0.57,ferrocytochrome c,Nitrosomonas europaea,[],horse cytochrome c,396069
110,7.1.1.9,1,ferrocytochrome c,Bos taurus,[],"at 7xc2xb0C, in presence of 56% ethylene glycol",658620
111,7.1.1.9,1.6,ferrocytochrome c,Nitrosomonas europaea,[],Candida krusei cytochrome c,396069
112,7.1.1.9,1.8,ferrocytochrome c,Nitrosomonas europaea,[],Nitrosomonaseuropaea cytochrome c,396069
113,7.1.1.9,2.08 - 2.58,ferrocytochrome c,Bacillus subtilis,[],-,396053
114,7.1.1.9,3.88,ferrocytochrome c,Thermus thermophilus,[],horse cytochrome c,396075
115,7.1.1.9,4 - 5,ferrocytochrome c,Bacillus subtilis,[],"Saccharomyces cerevisiae cytochrome c, in the presence of 0.05% laurylmaltoside",396076
116,7.1.1.9,5 - 7,ferrocytochrome c,Bacillus subtilis,[],"Saccharomyces cerevisiae cytochrome c, in the presence of asolectin",396076
117,7.1.1.9,6,ferrocytochrome c,Cereibacter sphaeroides,[],"Rhodobacter sphaeroides cytochrome c, W143A mutant enzyme",396130
118,7.1.1.9,8 - 12,ferrocytochrome c,Bacillus subtilis,[],in the presence of 0.1% dodecyl-beta-D-maltoside,396059
119,7.1.1.9,8.33,ferrocytochrome c,Thermus thermophilus,[],Candida krusei cytochrome c,396075
120,7.1.1.9,9.38,ferrocytochrome c,Micrococcus luteus,[],horse heart cytochrome c,396113
121,7.1.1.9,11 - 30,ferrocytochrome c,Squalus acanthias,[],oxidation of horse heart cytochrome c,396083
122,7.1.1.9,12,ferrocytochrome c,Bos taurus,[],at 7xc2xb0C in absence of ethylene glycol,658620
123,7.1.1.9,13.3 - 16,ferrocytochrome c,Bacillus subtilis,[],enzyme reconstituted into asolectin liposomes,396053
124,7.1.1.9,14,ferrocytochrome c,Nitrosomonas europaea,[],"Candida krusei cytochrome c, in the presence of cardiolipin",396069
125,7.1.1.9,20,ferrocytochrome c,Starkeya novella,[],"Thiobacillus novellus cytochrome c, 12.5 mM phosphate at pH 5.5 and 20xc2xb0C",396082
126,7.1.1.9,20,ferrocytochrome c,Cereibacter sphaeroides,[],"horse cytochrome c, W143A mutant enzyme",396130
127,7.1.1.9,20,ferrocytochrome c,Cereibacter sphaeroides,[],"Rhodobacter sphaeroides cytochrome c, W143F mutant enzyme",396130
128,7.1.1.9,20,ferrocytochrome c,Paracoccus denitrificans,[],R54M mutant enzyme,396134
129,7.1.1.9,24,ferrocytochrome c,Erythrobacter longus,[],Candida krusei cytochrome c,396048
130,7.1.1.9,30,ferrocytochrome c,Homo sapiens,[],high-affinity reaction,396055
131,7.1.1.9,30 - 600,ferrocytochrome c,Bacteria,[],-,395991
132,7.1.1.9,30 - 600,ferrocytochrome c,eukaryota,[],-,395991
133,7.1.1.9,32,ferrocytochrome c,Nitrosomonas europaea,[],horse cytochrome c,396027
134,7.1.1.9,32,ferrocytochrome c,Nitrosomonas europaea,[],"horse cytochrome c, in the presence of cardiolipin",396069
135,7.1.1.9,36,ferrocytochrome c,Sphyrna lewini,[],oxidation of horse heart cytochrome c,396083
136,7.1.1.9,40,ferrocytochrome c,Starkeya novella,[],-,396003
137,7.1.1.9,40,ferrocytochrome c,Cereibacter sphaeroides,[],"horse cytochrome c, W143F mutant enzyme",396130
138,7.1.1.9,45.8,ferrocytochrome c,Starkeya novella,[],"Candida krusei cytochrome c, 30 mM phosphate at pH 5.5 and 20xc2xb0C",396082
139,7.1.1.9,50,ferrocytochrome c,Cereibacter sphaeroides,[],"Rhodobacter sphaeroides cytochrome c, D229N mutant enzyme",396130
140,7.1.1.9,50 - 100,ferrocytochrome c,Bacteria,[],"soluble enzyme, higher values for particulate enzyme",396050
141,7.1.1.9,50 - 100,ferrocytochrome c,Bos taurus,[],"soluble enzyme, higher values for particulate enzyme",396050
142,7.1.1.9,53,ferrocytochrome c,Thermus thermophilus,[],Thermus thermophilus cytochrome c,396075
143,7.1.1.9,54,ferrocytochrome c,Cereibacter sphaeroides,[],"Rhodobacter sphaeroides cytochrome c, D195Q mutant enzyme",396130
144,7.1.1.9,66,ferrocytochrome c,Erythrobacter longus,[],horse heart cytochrome c,396048
145,7.1.1.9,80,ferrocytochrome c,Nitrobacter winogradskyi,[],horse cytochrome c,396081
146,7.1.1.9,80,ferrocytochrome c,Homo sapiens,[],low-affinity reaction,396055
147,7.1.1.9,90,ferrocytochrome c,Paracoccus denitrificans,[],horse-heart cytochrome c,396003
148,7.1.1.9,90,ferrocytochrome c,Nitrobacter winogradskyi,[],cow cytochrome c,396081
149,7.1.1.9,91,ferrocytochrome c,Pseudomonas sp.,[],-,396071
150,7.1.1.9,100,ferrocytochrome c,Cereibacter sphaeroides,[],"Rhodobacter sphaeroides cytochrome c, E157Q and E254A mutant enzyme",396130
151,7.1.1.9,111,ferrocytochrome c,Crithidia fasciculata,[],"Crithidia fasciculata cytochrome c, very low turnover numbers with human, yeast, rat, horse, and bovine cytochrome c",396119
152,7.1.1.9,120,ferrocytochrome c,Rattus norvegicus,[],fetal heart enzyme,396117
153,7.1.1.9,133,ferrocytochrome c,Rattus norvegicus,[],-,396089
154,7.1.1.9,158,ferrocytochrome c,Dictyostelium discoideum,[],horse cytochrome c,396070
155,7.1.1.9,160,ferrocytochrome c,Nitrobacter winogradskyi,[],Saccharomyces oviformis cytochrome c,396081
156,7.1.1.9,180,ferrocytochrome c,Cereibacter sphaeroides,[],"Rhodobacter sphaeroides cytochrome c, D214N mutant enzyme",396130
157,7.1.1.9,187,ferrocytochrome c,Magnetospirillum magnetotacticum,[],horse heart cytochrome c,396115
158,7.1.1.9,200,ferrocytochrome c,Rattus norvegicus,[],adult heart enzyme,396117
159,7.1.1.9,220,ferrocytochrome c,Cereibacter sphaeroides,[],"Rhodobacter sphaeroides cytochrome c, D151N/E152Q mutant enzyme",396130
160,7.1.1.9,230,ferrocytochrome c,Cereibacter sphaeroides,[],"Rhodobacter sphaeroides cytochrome c, E148Q mutant enzyme",396130
161,7.1.1.9,260,ferrocytochrome c,Nitrobacter winogradskyi,[],tuna cytochrome c,396081
162,7.1.1.9,260,ferrocytochrome c,Cereibacter sphaeroides,[],"Rhodobacter sphaeroides cytochrome c, D188N/E189Q mutant enzyme",396130
163,7.1.1.9,270,ferrocytochrome c,Cereibacter sphaeroides,[],"Rhodobacter sphaeroides cytochrome c, wild-type enzyme",396130
164,7.1.1.9,290,ferrocytochrome c,Nitrobacter winogradskyi,[],Candida krusei cytochrome c,396081
165,7.1.1.9,290,ferrocytochrome c,Cereibacter sphaeroides,[],"wild-type enzyme, horse cytochrome c, 155 mM ionic strength",396130
166,7.1.1.9,300,ferrocytochrome c,Dictyostelium discoideum,[],-,396070
167,7.1.1.9,300,ferrocytochrome c,Cereibacter sphaeroides,[],horse heart cytochrome c,"396062, <a href=""./literature.php?e=7.1.1.9&r=396079"" target=""_blank"">396079</span></div><div id=""tab44r2sr58c6"" class=""cell""><span><a href=""javascript:MolPicture('530')""><img src=""./images/icon_structure.png"">"
168,7.1.1.9,336,ferrocytochrome c,Nitrosomonas europaea,[],"horse cytochrome c, in the presence of cardiolipin",396027
169,7.1.1.9,350,ferrocytochrome c,Carcharhinus limbatus,[],muscle enzyme,396121
170,7.1.1.9,360,ferrocytochrome c,Carcharhinus acronotus,[],muscle enzyme,396121
171,7.1.1.9,380,ferrocytochrome c,Rhizoprionodon terraenovae,[],heart enzyme,396121
172,7.1.1.9,400,ferrocytochrome c,Cereibacter sphaeroides,[],"horse cytochrome c, D214N and D229N mutant enzyme",396130
173,7.1.1.9,400 - 500,ferrocytochrome c,Bos taurus,[],-,396003
174,7.1.1.9,410,ferrocytochrome c,Rhizoprionodon terraenovae,[],muscle enzyme,396121
175,7.1.1.9,500,ferrocytochrome c,Sus scrofa,[],"enzyme from kidney, photometric assay",396065
176,7.1.1.9,520,ferrocytochrome c,Sus scrofa,[],"enzyme from diaphragm, photometric assay",396065
177,7.1.1.9,535,ferrocytochrome c,Cereibacter sphaeroides,[],purified COV,694959
178,7.1.1.9,540,ferrocytochrome c,Sus scrofa,[],"enzyme from liver, photometric assay",396065
179,7.1.1.9,550,ferrocytochrome c,Sus scrofa,[],"enzyme from heart, photometric assay",396065
180,7.1.1.9,550,ferrocytochrome c,Cereibacter sphaeroides,[],reconstituted recombinant D407C mutant enzyme,396122
181,7.1.1.9,590,ferrocytochrome c,Cereibacter sphaeroides,[],"wild-type enzyme, horse cytochrome c, 5 mM ionic strength",396130
182,7.1.1.9,600,ferrocytochrome c,Cereibacter sphaeroides,[],"horse cytochrome c, E157Q and E254Amutant enzyme",396130
183,7.1.1.9,650,ferrocytochrome c,Cereibacter sphaeroides,[],recombinant D407C mutant enzyme,396122
184,7.1.1.9,700,ferrocytochrome c,Cereibacter sphaeroides,[],reconstituted recombinant D407A mutant enzyme,396122
185,7.1.1.9,700,ferrocytochrome c,Cereibacter sphaeroides,[],reconstituted recombinant D407N mutant enzyme,396122
186,7.1.1.9,708,ferrocytochrome c,Cereibacter sphaeroides,[],unpurified COV,694959
187,7.1.1.9,980,ferrocytochrome c,Cereibacter sphaeroides,[],"wild-type, D188N/E189Q and D151N/E152Q mutant enzyme, horse cytochrome c, 75 mM ionic strength",396130
188,7.1.1.9,1000,ferrocytochrome c,Triticum aestivum,[],-,396011
189,7.1.1.9,1100,ferrocytochrome c,Cereibacter sphaeroides,[],recombinant D407A mutant enzyme,396122
190,7.1.1.9,1100,ferrocytochrome c,Cereibacter sphaeroides,[],"horse cytochrome c, E148Q mutant enzyme",396130
191,7.1.1.9,1200,ferrocytochrome c,Cereibacter sphaeroides,[],reconstituted wild-type enzyme,396122
192,7.1.1.9,1200,ferrocytochrome c,Cereibacter sphaeroides,[],"horse cytochrome c, D195Q mutant enzyme",396130
193,7.1.1.9,1300,ferrocytochrome c,Cereibacter sphaeroides,[],wild-type enzyme,396122
194,7.1.1.9,1300,ferrocytochrome c,Cereibacter sphaeroides,[],"horse cytochrome c, D151N/E152Q mutant enzyme",396130
195,7.1.1.9,1400,ferrocytochrome c,Cereibacter sphaeroides,[],recombinant D407N mutant enzyme,396122
196,7.1.1.9,1500,ferrocytochrome c,Saccharomyces cerevisiae,[],horse heart cytochrome c,396116
197,7.1.1.9,1600,ferrocytochrome c,Cereibacter sphaeroides,[],"horse cytochrome c, D188N/E189Q mutant enzyme",396130
198,7.1.1.9,1700,ferrocytochrome c,Cereibacter sphaeroides,[],"horse cytochrome c, wild-type enzyme",396130
199,7.1.1.9,2000,ferrocytochrome c,Cereibacter sphaeroides,[],recombinant enzyme,396120
200,7.1.1.9,8,ferrocytochrome c549,Erythrobacter longus,[],-,396048
201,7.1.1.9,1.3,ferrocytochrome c550,Erythrobacter longus,[],-,396048
202,7.1.1.9,37.4,ferrocytochrome c550,Magnetospirillum magnetotacticum,[],Magnetospirillum magnetotacticum cytochrome c550,396115
203,7.1.1.9,4,ferrocytochrome c552,Nitrosomonas europaea,[],-,396027
204,7.1.1.9,9.78,ferrocytochrome c552,Thermus thermophilus,[],-,396086
205,7.1.1.9,252,ferrocytochrome c553,Helicobacter pylori,[],-,396129
206,7.1.1.9,3.93,"N,N,N',N'-tetramethyl-4-phenylendiamine",Micrococcus luteus,[],"ascorbate/N,N,N',N'-tetramethyl-p-phenylendiamine assay system",396051
207,7.1.1.9,7.5,"N,N,N',N'-tetramethyl-4-phenylendiamine",Thermus thermophilus,[],-,396085
208,7.1.1.9,60,"N,N,N',N'-tetramethyl-4-phenylendiamine",Thermus thermophilus,[],"ascorbate/N,N,N',N'-tetramethyl-p-phenylendiamine assay system",396003
209,7.1.1.9,180,"N,N,N',N'-tetramethyl-4-phenylendiamine",Pseudomonas stutzeri,[],-,396136
210,7.1.1.9,220,"N,N,N',N'-tetramethyl-4-phenylendiamine",Bacillus subtilis,[],-,396114
211,7.1.1.9,24.3,phenazine methosulfate,Micrococcus luteus,[],ascorbate/phenazine methosulfate assay system,396051
212,7.1.1.9,30,reduced cytochrome c551,Geobacillus thermodenitrificans,[],"mutant enzyme E116Q, at 40xc2xb0C, 200 mM KCl, 1 mM MgSO4, 1 mM sodium phosphate buffer, pH 6.8",725571
213,7.1.1.9,140,reduced cytochrome c551,Geobacillus thermodenitrificans,[],"mutant enzyme D99N, at 40xc2xb0C, 200 mM KCl, 1 mM MgSO4, 1 mM sodium phosphate buffer, pH 6.8",725571
214,7.1.1.9,199,reduced cytochrome c551,Geobacillus thermodenitrificans,[],"mutant enzyme E66Q, at 40xc2xb0C, 200 mM KCl, 1 mM MgSO4, 1 mM sodium phosphate buffer, pH 6.8",725571
215,7.1.1.9,200,reduced cytochrome c551,Geobacillus thermodenitrificans,[],"mutant enzyme D49N, at 40xc2xb0C, 200 mM KCl, 1 mM MgSO4, 1 mM sodium phosphate buffer, pH 6.8",725571
216,7.1.1.9,290,reduced cytochrome c551,Geobacillus thermodenitrificans,[],"mutant enzyme E68Q, at 40xc2xb0C, 200 mM KCl, 1 mM MgSO4, 1 mM sodium phosphate buffer, pH 6.8",725571
217,7.1.1.9,295,reduced cytochrome c551,Geobacillus thermodenitrificans,[],"wild type enzyme, at 40xc2xb0C, 200 mM KCl, 1 mM MgSO4, 1 mM sodium phosphate buffer, pH 6.8",725571
218,7.1.1.9,297,reduced cytochrome c551,Geobacillus thermodenitrificans,[],"mutant enzyme E139Q, at 40xc2xb0C, 200 mM KCl, 1 mM MgSO4, 1 mM sodium phosphate buffer, pH 6.8",725571
219,7.1.1.9,317,reduced cytochrome c551,Geobacillus thermodenitrificans,[],"mutant enzyme E64Q, at 40xc2xb0C, 200 mM KCl, 1 mM MgSO4, 1 mM sodium phosphate buffer, pH 6.8",725571
220,7.1.1.9,325,reduced cytochrome c551,Geobacillus thermodenitrificans,[],"mutant enzyme E84Q, at 40xc2xb0C, 200 mM KCl, 1 mM MgSO4, 1 mM sodium phosphate buffer, pH 6.8",725571
221,7.1.2.1,3 - 6,ATP,Kluyveromyces lactis,[],"pH 6.8, 25xc2xb0C",685157
222,7.1.2.1,56.7,ATP,Arabidopsis thaliana,[],-,246931
223,7.1.2.2,16,ADP,Escherichia coli,[],"recombinant wild-type F1Fo, pH 7.5-8.8, temperature not specified in the publication",712371
224,7.1.2.2,17,ADP,Bacillus sp. (in: Bacteria),[],"pH not specified in the publication, 30xc2xb0C",719458
225,7.1.2.2,55,ADP,Escherichia coli,[],"recombinant subunit epsilon mutant EF1Fo, pH 7.5-8.8, temperature not specified in the publication",712371
226,7.1.2.2,0.0093,ATP,Bacillus sp. (in: Bacteria),[],"mutant enzyme E190Q, at 25xc2xb0C, pH not specified in the publication",734265
227,7.1.2.2,0.028,ATP,Bacillus sp. (in: Bacteria),[],"mutant enzyme K164A, at 25xc2xb0C, pH not specified in the publication",734265
228,7.1.2.2,0.13,ATP,Bacillus sp. (in: Bacteria),[],"mutant enzyme E190A, at 25xc2xb0C, pH not specified in the publication",734265
229,7.1.2.2,0.15,ATP,Shigella flexneri,['P0A1C1'],at pH and xc2xb0C,750641
230,7.1.2.2,0.41,ATP,Bacillus sp. (in: Bacteria),[],"mutant enzyme R364A, at 25xc2xb0C, pH not specified in the publication",734265
231,7.1.2.2,5.34,ATP,Bacillus sp. PS3,[],"pH 7.0, 23xc2xb0C",712011
232,7.1.2.2,217,ATP,Geobacillus stearothermophilus,[],-,210238
233,7.1.2.2,285,ATP,Escherichia coli,[],"recombinant wild-type F1Fo, pH 7.5-8.8, temperature not specified in the publication",712371
234,7.1.2.2,390,ATP,Bacillus sp. (in: Bacteria),[],"wild type enzyme, at 25xc2xb0C, pH not specified in the publication",734265
235,7.1.2.2,539,ATP,Escherichia coli,[],"recombinant subunit epsilon mutant EF1Fo, pH 7.5-8.8, temperature not specified in the publication",712371
236,7.1.2.2,16,phosphate,Bacillus sp. (in: Bacteria),[],"pH not specified in the publication, 30xc2xb0C",719458
237,7.1.2.2,20,phosphate,Escherichia coli,[],"recombinant wild-type F1Fo, pH 7.5-8.8, temperature not specified in the publication",712371
238,7.1.2.2,66,phosphate,Escherichia coli,[],"recombinant subunit epsilon mutant EF1Fo, pH 7.5-8.8, temperature not specified in the publication",712371
239,7.1.3.1,1.3,diphosphate,Bacillus sp. PS3,[],"P104A mutant enzyme, pH 8.0, 37xc2xb0C",655911
240,7.1.3.1,2.8,diphosphate,Bacillus sp. PS3,[],"P100A mutant enzyme, pH 8.0, 37xc2xb0C",655911
241,7.1.3.1,19,diphosphate,Bacillus sp. PS3,[],"P146A mutant enzyme, pH 8.0, 37xc2xb0C",655911
242,7.1.3.1,56,diphosphate,Trypanosoma brucei,['Q7Z029'],"in the presence of Zn2+, pH 7.5, 25xc2xb0C",656234
243,7.1.3.1,74.3,diphosphate,Bacillus sp. PS3,[],"P14A mutant enzyme, pH 8.0, 37xc2xb0C",655911
244,7.1.3.1,125,diphosphate,Leishmania amazonensis,['Q7Z031'],25xc2xb0C,669456
245,7.1.3.1,236.7,diphosphate,Bacillus sp. PS3,[],"P116A mutant enzyme, pH 8.0, 37xc2xb0C",655911
246,7.1.3.1,288.7,diphosphate,Bacillus sp. PS3,[],"P43A mutant enzyme, pH 8.0, 37xc2xb0C",655911
247,7.1.3.1,385,diphosphate,Trypanosoma brucei,['Q7Z029'],"in the presence of Mg2+, pH 7.5, 25xc2xb0C",656234
248,7.1.3.1,413.3,diphosphate,Bacillus sp. PS3,[],"P59A mutant enzyme, pH 8.0, 37xc2xb0C",655911
249,7.1.3.1,638,diphosphate,Ascaris suum,['Q86M43'],"recombinant protein, pH 7.5, 55xc2xb0C",655459
250,7.1.3.1,744.3,diphosphate,Bacillus sp. PS3,[],"P69A mutant enzyme, pH 8.0, 37xc2xb0C",655911
251,7.1.3.1,817,diphosphate,Bacillus sp. PS3,[],"wild type enzyme, pH 8.0, 37xc2xb0C",655911
252,7.1.3.1,1098,diphosphate,Bacillus sp. PS3,[],"P39A mutant enzyme, pH 8.0, 37xc2xb0C",655911
253,7.1.3.1,3.5,Polyphosphate,Trypanosoma brucei,['Q7Z029'],"in the presence of Zn2+, pH 7.5, 25xc2xb0C",656234
254,7.1.3.1,8,polyphosphate-n28,Leishmania amazonensis,['Q7Z031'],25xc2xb0C,669456
255,7.1.3.1,131,Triphosphate,Leishmania amazonensis,['Q7Z031'],25xc2xb0C,669456
256,7.1.3.1,52,tripolyphosphate,Trypanosoma brucei,['Q7Z029'],"in the presence of Zn2+, pH 7.5, 25xc2xb0C",656234
257,7.2.1.1,100,n Li+/in,Vibrio cholerae serotype O1,"['A5F5X1; <a href=""javascript:Sequence2(\'A5F5X0\')"">A5F5X0; <a href=""javascript:Sequence2(\'A5F5Y7\')"">A5F5Y7; <a href=""javascript:Sequence2(\'A5F5Y6\')"">A5F5Y6; <a href=""javascript:Sequence2(\'A5F5Y3\')"">A5F5Y3; <a href=""javascript:Sequence2(\'A5F5Y4\')"">A5F5Y4']","mutant D397N, pH 8.0, temperature not specified in the publication",725539
258,7.2.1.1,110,n Li+/in,Vibrio cholerae serotype O1,"['A5F5X1; <a href=""javascript:Sequence2(\'A5F5X0\')"">A5F5X0; <a href=""javascript:Sequence2(\'A5F5Y7\')"">A5F5Y7; <a href=""javascript:Sequence2(\'A5F5Y6\')"">A5F5Y6; <a href=""javascript:Sequence2(\'A5F5Y3\')"">A5F5Y3; <a href=""javascript:Sequence2(\'A5F5Y4\')"">A5F5Y4']","mutant D397E, pH 8.0, temperature not specified in the publication",725539
259,7.2.1.1,115,n Li+/in,Vibrio cholerae serotype O1,"['A5F5X1; <a href=""javascript:Sequence2(\'A5F5X0\')"">A5F5X0; <a href=""javascript:Sequence2(\'A5F5Y7\')"">A5F5Y7; <a href=""javascript:Sequence2(\'A5F5Y6\')"">A5F5Y6; <a href=""javascript:Sequence2(\'A5F5Y3\')"">A5F5Y3; <a href=""javascript:Sequence2(\'A5F5Y4\')"">A5F5Y4']","mutant D397C, presence of 2-mercaptoethanol, pH 8.0, temperature not specified in the publication",725539
260,7.2.1.1,124,n Li+/in,Vibrio cholerae serotype O1,"['A5F5X1; <a href=""javascript:Sequence2(\'A5F5X0\')"">A5F5X0; <a href=""javascript:Sequence2(\'A5F5Y7\')"">A5F5Y7; <a href=""javascript:Sequence2(\'A5F5Y6\')"">A5F5Y6; <a href=""javascript:Sequence2(\'A5F5Y3\')"">A5F5Y3; <a href=""javascript:Sequence2(\'A5F5Y4\')"">A5F5Y4']","mutant D397S, pH 8.0, temperature not specified in the publication",725539
261,7.2.1.1,180,n Li+/in,Vibrio cholerae serotype O1,"['A5F5X1; <a href=""javascript:Sequence2(\'A5F5X0\')"">A5F5X0; <a href=""javascript:Sequence2(\'A5F5Y7\')"">A5F5Y7; <a href=""javascript:Sequence2(\'A5F5Y6\')"">A5F5Y6; <a href=""javascript:Sequence2(\'A5F5Y3\')"">A5F5Y3; <a href=""javascript:Sequence2(\'A5F5Y4\')"">A5F5Y4']","wild-type, pH 8.0, temperature not specified in the publication",725539
262,7.2.1.1,115,n Na+/in,Vibrio cholerae serotype O1,"['A5F5X1; <a href=""javascript:Sequence2(\'A5F5X0\')"">A5F5X0; <a href=""javascript:Sequence2(\'A5F5Y7\')"">A5F5Y7; <a href=""javascript:Sequence2(\'A5F5Y6\')"">A5F5Y6; <a href=""javascript:Sequence2(\'A5F5Y3\')"">A5F5Y3; <a href=""javascript:Sequence2(\'A5F5Y4\')"">A5F5Y4']","mutant D397S, pH 8.0, temperature not specified in the publication",725539
263,7.2.1.1,127,n Na+/in,Vibrio cholerae serotype O1,"['A5F5X1; <a href=""javascript:Sequence2(\'A5F5X0\')"">A5F5X0; <a href=""javascript:Sequence2(\'A5F5Y7\')"">A5F5Y7; <a href=""javascript:Sequence2(\'A5F5Y6\')"">A5F5Y6; <a href=""javascript:Sequence2(\'A5F5Y3\')"">A5F5Y3; <a href=""javascript:Sequence2(\'A5F5Y4\')"">A5F5Y4']","mutant D397E, pH 8.0, temperature not specified in the publication",725539
264,7.2.1.1,127,n Na+/in,Vibrio cholerae serotype O1,"['A5F5X1; <a href=""javascript:Sequence2(\'A5F5X0\')"">A5F5X0; <a href=""javascript:Sequence2(\'A5F5Y7\')"">A5F5Y7; <a href=""javascript:Sequence2(\'A5F5Y6\')"">A5F5Y6; <a href=""javascript:Sequence2(\'A5F5Y3\')"">A5F5Y3; <a href=""javascript:Sequence2(\'A5F5Y4\')"">A5F5Y4']","mutant D397N, pH 8.0, temperature not specified in the publication",725539
265,7.2.1.1,170,n Na+/in,Vibrio cholerae serotype O1,"['A5F5X1; <a href=""javascript:Sequence2(\'A5F5X0\')"">A5F5X0; <a href=""javascript:Sequence2(\'A5F5Y7\')"">A5F5Y7; <a href=""javascript:Sequence2(\'A5F5Y6\')"">A5F5Y6; <a href=""javascript:Sequence2(\'A5F5Y3\')"">A5F5Y3; <a href=""javascript:Sequence2(\'A5F5Y4\')"">A5F5Y4']","mutant D397C, pH 8.0, temperature not specified in the publication",725539
266,7.2.1.1,170,n Na+/in,Vibrio cholerae serotype O1,"['A5F5X1; <a href=""javascript:Sequence2(\'A5F5X0\')"">A5F5X0; <a href=""javascript:Sequence2(\'A5F5Y7\')"">A5F5Y7; <a href=""javascript:Sequence2(\'A5F5Y6\')"">A5F5Y6; <a href=""javascript:Sequence2(\'A5F5Y3\')"">A5F5Y3; <a href=""javascript:Sequence2(\'A5F5Y4\')"">A5F5Y4']","mutant D397C, presence of 2-mercaptoethanol, pH 8.0, temperature not specified in the publication",725539
267,7.2.1.1,500,n Na+/in,Vibrio cholerae serotype O1,"['A5F5X1; <a href=""javascript:Sequence2(\'A5F5X0\')"">A5F5X0; <a href=""javascript:Sequence2(\'A5F5Y7\')"">A5F5Y7; <a href=""javascript:Sequence2(\'A5F5Y6\')"">A5F5Y6; <a href=""javascript:Sequence2(\'A5F5Y3\')"">A5F5Y3; <a href=""javascript:Sequence2(\'A5F5Y4\')"">A5F5Y4']","wild-type, pH 8.0, temperature not specified in the publication",725539
268,7.2.1.1,448.9,NADH,Vibrio cholerae serotype O1,"['A5F5X1; <a href=""javascript:Sequence2(\'A5F5X0\')"">A5F5X0; <a href=""javascript:Sequence2(\'A5F5Y7\')"">A5F5Y7; <a href=""javascript:Sequence2(\'A5F5Y6\')"">A5F5Y6; <a href=""javascript:Sequence2(\'A5F5Y3\')"">A5F5Y3; <a href=""javascript:Sequence2(\'A5F5Y4\')"">A5F5Y4']","wild-type, pH 8.0, temperature not specified in the publication",725539
269,7.2.1.1,487.7,NADH,Vibrio cholerae serotype O1,"['A5F5X1; <a href=""javascript:Sequence2(\'A5F5X0\')"">A5F5X0; <a href=""javascript:Sequence2(\'A5F5Y7\')"">A5F5Y7; <a href=""javascript:Sequence2(\'A5F5Y6\')"">A5F5Y6; <a href=""javascript:Sequence2(\'A5F5Y3\')"">A5F5Y3; <a href=""javascript:Sequence2(\'A5F5Y4\')"">A5F5Y4']","mutant D397K, pH 8.0, temperature not specified in the publication, presence of 100 mM Na+",725539
270,7.2.1.1,495.4,NADH,Vibrio cholerae serotype O1,"['A5F5X1; <a href=""javascript:Sequence2(\'A5F5X0\')"">A5F5X0; <a href=""javascript:Sequence2(\'A5F5Y7\')"">A5F5Y7; <a href=""javascript:Sequence2(\'A5F5Y6\')"">A5F5Y6; <a href=""javascript:Sequence2(\'A5F5Y3\')"">A5F5Y3; <a href=""javascript:Sequence2(\'A5F5Y4\')"">A5F5Y4']","mutant D397C, presence of 2-mercaptoethanol, pH 8.0, temperature not specified in the publication",725539
271,7.2.1.1,501.4,NADH,Vibrio cholerae serotype O1,"['A5F5X1; <a href=""javascript:Sequence2(\'A5F5X0\')"">A5F5X0; <a href=""javascript:Sequence2(\'A5F5Y7\')"">A5F5Y7; <a href=""javascript:Sequence2(\'A5F5Y6\')"">A5F5Y6; <a href=""javascript:Sequence2(\'A5F5Y3\')"">A5F5Y3; <a href=""javascript:Sequence2(\'A5F5Y4\')"">A5F5Y4']","mutant D397C, pH 8.0, temperature not specified in the publication",725539
272,7.2.1.1,511.7,NADH,Vibrio cholerae serotype O1,"['A5F5X1; <a href=""javascript:Sequence2(\'A5F5X0\')"">A5F5X0; <a href=""javascript:Sequence2(\'A5F5Y7\')"">A5F5Y7; <a href=""javascript:Sequence2(\'A5F5Y6\')"">A5F5Y6; <a href=""javascript:Sequence2(\'A5F5Y3\')"">A5F5Y3; <a href=""javascript:Sequence2(\'A5F5Y4\')"">A5F5Y4']","mutant D397S, pH 8.0, temperature not specified in the publication",725539
273,7.2.1.1,521.9,NADH,Vibrio cholerae serotype O1,"['A5F5X1; <a href=""javascript:Sequence2(\'A5F5X0\')"">A5F5X0; <a href=""javascript:Sequence2(\'A5F5Y7\')"">A5F5Y7; <a href=""javascript:Sequence2(\'A5F5Y6\')"">A5F5Y6; <a href=""javascript:Sequence2(\'A5F5Y3\')"">A5F5Y3; <a href=""javascript:Sequence2(\'A5F5Y4\')"">A5F5Y4']","mutant D397K, pH 8.0, temperature not specified in the publication, presence of 100 mM Li+",725539
274,7.2.1.1,544.7,NADH,Vibrio cholerae serotype O1,"['A5F5X1; <a href=""javascript:Sequence2(\'A5F5X0\')"">A5F5X0; <a href=""javascript:Sequence2(\'A5F5Y7\')"">A5F5Y7; <a href=""javascript:Sequence2(\'A5F5Y6\')"">A5F5Y6; <a href=""javascript:Sequence2(\'A5F5Y3\')"">A5F5Y3; <a href=""javascript:Sequence2(\'A5F5Y4\')"">A5F5Y4']","mutant D397E, pH 8.0, temperature not specified in the publication",725539
275,7.2.1.1,560.8,NADH,Vibrio cholerae serotype O1,"['A5F5X1; <a href=""javascript:Sequence2(\'A5F5X0\')"">A5F5X0; <a href=""javascript:Sequence2(\'A5F5Y7\')"">A5F5Y7; <a href=""javascript:Sequence2(\'A5F5Y6\')"">A5F5Y6; <a href=""javascript:Sequence2(\'A5F5Y3\')"">A5F5Y3; <a href=""javascript:Sequence2(\'A5F5Y4\')"">A5F5Y4']","mutant D397N, pH 8.0, temperature not specified in the publication",725539
276,7.2.1.1,580.2,NADH,Vibrio cholerae serotype O1,"['A5F5X1; <a href=""javascript:Sequence2(\'A5F5X0\')"">A5F5X0; <a href=""javascript:Sequence2(\'A5F5Y7\')"">A5F5Y7; <a href=""javascript:Sequence2(\'A5F5Y6\')"">A5F5Y6; <a href=""javascript:Sequence2(\'A5F5Y3\')"">A5F5Y3; <a href=""javascript:Sequence2(\'A5F5Y4\')"">A5F5Y4']","mutant D397A, pH 8.0, temperature not specified in the publication, presence of 100 mM Na+",725539
277,7.2.1.1,587.2,NADH,Vibrio cholerae serotype O1,"['A5F5X1; <a href=""javascript:Sequence2(\'A5F5X0\')"">A5F5X0; <a href=""javascript:Sequence2(\'A5F5Y7\')"">A5F5Y7; <a href=""javascript:Sequence2(\'A5F5Y6\')"">A5F5Y6; <a href=""javascript:Sequence2(\'A5F5Y3\')"">A5F5Y3; <a href=""javascript:Sequence2(\'A5F5Y4\')"">A5F5Y4']","wild-type, pH 8.0, temperature not specified in the publication, presence of 100 mM Li+",725539
278,7.2.1.1,600.1,NADH,Vibrio cholerae serotype O1,"['A5F5X1; <a href=""javascript:Sequence2(\'A5F5X0\')"">A5F5X0; <a href=""javascript:Sequence2(\'A5F5Y7\')"">A5F5Y7; <a href=""javascript:Sequence2(\'A5F5Y6\')"">A5F5Y6; <a href=""javascript:Sequence2(\'A5F5Y3\')"">A5F5Y3; <a href=""javascript:Sequence2(\'A5F5Y4\')"">A5F5Y4']","wild-type, pH 8.0, temperature not specified in the publication, presence of 100 mM Na+",725539
279,7.2.1.1,603.2,NADH,Vibrio cholerae serotype O1,"['A5F5X1; <a href=""javascript:Sequence2(\'A5F5X0\')"">A5F5X0; <a href=""javascript:Sequence2(\'A5F5Y7\')"">A5F5Y7; <a href=""javascript:Sequence2(\'A5F5Y6\')"">A5F5Y6; <a href=""javascript:Sequence2(\'A5F5Y3\')"">A5F5Y3; <a href=""javascript:Sequence2(\'A5F5Y4\')"">A5F5Y4']","mutant D397S, pH 8.0, temperature not specified in the publication, presence of 100 mM Li+",725539
280,7.2.1.1,622.2,NADH,Vibrio cholerae serotype O1,"['A5F5X1; <a href=""javascript:Sequence2(\'A5F5X0\')"">A5F5X0; <a href=""javascript:Sequence2(\'A5F5Y7\')"">A5F5Y7; <a href=""javascript:Sequence2(\'A5F5Y6\')"">A5F5Y6; <a href=""javascript:Sequence2(\'A5F5Y3\')"">A5F5Y3; <a href=""javascript:Sequence2(\'A5F5Y4\')"">A5F5Y4']","mutant D397A, pH 8.0, temperature not specified in the publication",725539
281,7.2.1.1,629.8,NADH,Vibrio cholerae serotype O1,"['A5F5X1; <a href=""javascript:Sequence2(\'A5F5X0\')"">A5F5X0; <a href=""javascript:Sequence2(\'A5F5Y7\')"">A5F5Y7; <a href=""javascript:Sequence2(\'A5F5Y6\')"">A5F5Y6; <a href=""javascript:Sequence2(\'A5F5Y3\')"">A5F5Y3; <a href=""javascript:Sequence2(\'A5F5Y4\')"">A5F5Y4']","mutant D397A, pH 8.0, temperature not specified in the publication, presence of 100 mM Li+",725539
282,7.2.1.1,656.6,NADH,Vibrio cholerae serotype O1,"['A5F5X1; <a href=""javascript:Sequence2(\'A5F5X0\')"">A5F5X0; <a href=""javascript:Sequence2(\'A5F5Y7\')"">A5F5Y7; <a href=""javascript:Sequence2(\'A5F5Y6\')"">A5F5Y6; <a href=""javascript:Sequence2(\'A5F5Y3\')"">A5F5Y3; <a href=""javascript:Sequence2(\'A5F5Y4\')"">A5F5Y4']","mutant D397C, pH 8.0, temperature not specified in the publication, presence of 100 mM Na+",725539
283,7.2.1.1,660.4,NADH,Vibrio cholerae serotype O1,"['A5F5X1; <a href=""javascript:Sequence2(\'A5F5X0\')"">A5F5X0; <a href=""javascript:Sequence2(\'A5F5Y7\')"">A5F5Y7; <a href=""javascript:Sequence2(\'A5F5Y6\')"">A5F5Y6; <a href=""javascript:Sequence2(\'A5F5Y3\')"">A5F5Y3; <a href=""javascript:Sequence2(\'A5F5Y4\')"">A5F5Y4']","mutant D397N, pH 8.0, temperature not specified in the publication, presence of 100 mM Li+",725539
284,7.2.1.1,662.9,NADH,Vibrio cholerae serotype O1,"['A5F5X1; <a href=""javascript:Sequence2(\'A5F5X0\')"">A5F5X0; <a href=""javascript:Sequence2(\'A5F5Y7\')"">A5F5Y7; <a href=""javascript:Sequence2(\'A5F5Y6\')"">A5F5Y6; <a href=""javascript:Sequence2(\'A5F5Y3\')"">A5F5Y3; <a href=""javascript:Sequence2(\'A5F5Y4\')"">A5F5Y4']","mutant D397S, pH 8.0, temperature not specified in the publication, presence of 100 mM Na+",725539
285,7.2.1.1,673.7,NADH,Vibrio cholerae serotype O1,"['A5F5X1; <a href=""javascript:Sequence2(\'A5F5X0\')"">A5F5X0; <a href=""javascript:Sequence2(\'A5F5Y7\')"">A5F5Y7; <a href=""javascript:Sequence2(\'A5F5Y6\')"">A5F5Y6; <a href=""javascript:Sequence2(\'A5F5Y3\')"">A5F5Y3; <a href=""javascript:Sequence2(\'A5F5Y4\')"">A5F5Y4']","mutant D397E, pH 8.0, temperature not specified in the publication, presence of 100 mM Na+",725539
286,7.2.1.1,681.6,NADH,Vibrio cholerae serotype O1,"['A5F5X1; <a href=""javascript:Sequence2(\'A5F5X0\')"">A5F5X0; <a href=""javascript:Sequence2(\'A5F5Y7\')"">A5F5Y7; <a href=""javascript:Sequence2(\'A5F5Y6\')"">A5F5Y6; <a href=""javascript:Sequence2(\'A5F5Y3\')"">A5F5Y3; <a href=""javascript:Sequence2(\'A5F5Y4\')"">A5F5Y4']","mutant D397N, pH 8.0, temperature not specified in the publication, presence of 100 mM Na+",725539
287,7.2.1.1,690.9,NADH,Vibrio cholerae serotype O1,"['A5F5X1; <a href=""javascript:Sequence2(\'A5F5X0\')"">A5F5X0; <a href=""javascript:Sequence2(\'A5F5Y7\')"">A5F5Y7; <a href=""javascript:Sequence2(\'A5F5Y6\')"">A5F5Y6; <a href=""javascript:Sequence2(\'A5F5Y3\')"">A5F5Y3; <a href=""javascript:Sequence2(\'A5F5Y4\')"">A5F5Y4']","mutant D397C, pH 8.0, temperature not specified in the publication, presence of 100 mM Li+",725539
288,7.2.1.1,694.6,NADH,Vibrio cholerae serotype O1,"['A5F5X1; <a href=""javascript:Sequence2(\'A5F5X0\')"">A5F5X0; <a href=""javascript:Sequence2(\'A5F5Y7\')"">A5F5Y7; <a href=""javascript:Sequence2(\'A5F5Y6\')"">A5F5Y6; <a href=""javascript:Sequence2(\'A5F5Y3\')"">A5F5Y3; <a href=""javascript:Sequence2(\'A5F5Y4\')"">A5F5Y4']","mutant D397C, presence of 2-mercaptoethanol, pH 8.0, temperature not specified in the publication, presence of 100 mM Na+",725539
289,7.2.1.1,695.4,NADH,Vibrio cholerae serotype O1,"['A5F5X1; <a href=""javascript:Sequence2(\'A5F5X0\')"">A5F5X0; <a href=""javascript:Sequence2(\'A5F5Y7\')"">A5F5Y7; <a href=""javascript:Sequence2(\'A5F5Y6\')"">A5F5Y6; <a href=""javascript:Sequence2(\'A5F5Y3\')"">A5F5Y3; <a href=""javascript:Sequence2(\'A5F5Y4\')"">A5F5Y4']","mutant D397E, pH 8.0, temperature not specified in the publication, presence of 100 mM Li+",725539
290,7.2.1.1,696.7,NADH,Vibrio cholerae serotype O1,"['A5F5X1; <a href=""javascript:Sequence2(\'A5F5X0\')"">A5F5X0; <a href=""javascript:Sequence2(\'A5F5Y7\')"">A5F5Y7; <a href=""javascript:Sequence2(\'A5F5Y6\')"">A5F5Y6; <a href=""javascript:Sequence2(\'A5F5Y3\')"">A5F5Y3; <a href=""javascript:Sequence2(\'A5F5Y4\')"">A5F5Y4']","mutant D397C, presence of 2-mercaptoethanol, pH 8.0, temperature not specified in the publication, presence of 100 mM Li+",725539
291,7.2.1.1,5199,NADH,Vibrio cholerae serotype O1,"['A5F5X1; <a href=""javascript:Sequence2(\'A5F5X0\')"">A5F5X0; <a href=""javascript:Sequence2(\'A5F5Y7\')"">A5F5Y7; <a href=""javascript:Sequence2(\'A5F5Y6\')"">A5F5Y6; <a href=""javascript:Sequence2(\'A5F5Y3\')"">A5F5Y3; <a href=""javascript:Sequence2(\'A5F5Y4\')"">A5F5Y4']","mutant D397K, pH 8.0, temperature not specified in the publication",725539
292,7.2.1.1,200,ubiquinone,Vibrio cholerae serotype O1,"['A5F5X1; <a href=""javascript:Sequence2(\'A5F5X0\')"">A5F5X0; <a href=""javascript:Sequence2(\'A5F5Y7\')"">A5F5Y7; <a href=""javascript:Sequence2(\'A5F5Y6\')"">A5F5Y6; <a href=""javascript:Sequence2(\'A5F5Y3\')"">A5F5Y3; <a href=""javascript:Sequence2(\'A5F5Y4\')"">A5F5Y4']","mutant G140A, pH 8.0, temperature not specified in the publication",725481
293,7.2.1.1,388,ubiquinone,Vibrio cholerae serotype O1,"['A5F5X1; <a href=""javascript:Sequence2(\'A5F5X0\')"">A5F5X0; <a href=""javascript:Sequence2(\'A5F5Y7\')"">A5F5Y7; <a href=""javascript:Sequence2(\'A5F5Y6\')"">A5F5Y6; <a href=""javascript:Sequence2(\'A5F5Y3\')"">A5F5Y3; <a href=""javascript:Sequence2(\'A5F5Y4\')"">A5F5Y4']","mutant G141V, pH 8.0, temperature not specified in the publication",725481
294,7.2.1.1,425,ubiquinone,Vibrio cholerae serotype O1,"['A5F5X1; <a href=""javascript:Sequence2(\'A5F5X0\')"">A5F5X0; <a href=""javascript:Sequence2(\'A5F5Y7\')"">A5F5Y7; <a href=""javascript:Sequence2(\'A5F5Y6\')"">A5F5Y6; <a href=""javascript:Sequence2(\'A5F5Y3\')"">A5F5Y3; <a href=""javascript:Sequence2(\'A5F5Y4\')"">A5F5Y4']","mutant G141A, pH 8.0, temperature not specified in the publication",725481
295,7.2.1.1,463,ubiquinone,Vibrio cholerae serotype O1,"['A5F5X1; <a href=""javascript:Sequence2(\'A5F5X0\')"">A5F5X0; <a href=""javascript:Sequence2(\'A5F5Y7\')"">A5F5Y7; <a href=""javascript:Sequence2(\'A5F5Y6\')"">A5F5Y6; <a href=""javascript:Sequence2(\'A5F5Y3\')"">A5F5Y3; <a href=""javascript:Sequence2(\'A5F5Y4\')"">A5F5Y4']","mutant G141L, pH 8.0, temperature not specified in the publication",725481
296,7.2.1.1,525,ubiquinone,Vibrio cholerae serotype O1,"['A5F5X1; <a href=""javascript:Sequence2(\'A5F5X0\')"">A5F5X0; <a href=""javascript:Sequence2(\'A5F5Y7\')"">A5F5Y7; <a href=""javascript:Sequence2(\'A5F5Y6\')"">A5F5Y6; <a href=""javascript:Sequence2(\'A5F5Y3\')"">A5F5Y3; <a href=""javascript:Sequence2(\'A5F5Y4\')"">A5F5Y4']","wild-type enzyme, pH 8.0, temperature not specified in the publication",725481
297,7.2.1.1,57.7,ubiquinone-1,Vibrio cholerae serotype O1,"['A5F5X1; <a href=""javascript:Sequence2(\'A5F5X0\')"">A5F5X0; <a href=""javascript:Sequence2(\'A5F5Y7\')"">A5F5Y7; <a href=""javascript:Sequence2(\'A5F5Y6\')"">A5F5Y6; <a href=""javascript:Sequence2(\'A5F5Y3\')"">A5F5Y3; <a href=""javascript:Sequence2(\'A5F5Y4\')"">A5F5Y4']","mutant D397S, pH 8.0, temperature not specified in the publication",725539
298,7.2.1.1,58.8,ubiquinone-1,Vibrio cholerae serotype O1,"['A5F5X1; <a href=""javascript:Sequence2(\'A5F5X0\')"">A5F5X0; <a href=""javascript:Sequence2(\'A5F5Y7\')"">A5F5Y7; <a href=""javascript:Sequence2(\'A5F5Y6\')"">A5F5Y6; <a href=""javascript:Sequence2(\'A5F5Y3\')"">A5F5Y3; <a href=""javascript:Sequence2(\'A5F5Y4\')"">A5F5Y4']","mutant D397K, pH 8.0, temperature not specified in the publication, presence of 100 mM Na+",725539
299,7.2.1.1,59.7,ubiquinone-1,Vibrio cholerae serotype O1,"['A5F5X1; <a href=""javascript:Sequence2(\'A5F5X0\')"">A5F5X0; <a href=""javascript:Sequence2(\'A5F5Y7\')"">A5F5Y7; <a href=""javascript:Sequence2(\'A5F5Y6\')"">A5F5Y6; <a href=""javascript:Sequence2(\'A5F5Y3\')"">A5F5Y3; <a href=""javascript:Sequence2(\'A5F5Y4\')"">A5F5Y4']","mutant D397N, pH 8.0, temperature not specified in the publication",725539
300,7.2.1.1,59.8,ubiquinone-1,Vibrio cholerae serotype O1,"['A5F5X1; <a href=""javascript:Sequence2(\'A5F5X0\')"">A5F5X0; <a href=""javascript:Sequence2(\'A5F5Y7\')"">A5F5Y7; <a href=""javascript:Sequence2(\'A5F5Y6\')"">A5F5Y6; <a href=""javascript:Sequence2(\'A5F5Y3\')"">A5F5Y3; <a href=""javascript:Sequence2(\'A5F5Y4\')"">A5F5Y4']","mutant D397K, pH 8.0, temperature not specified in the publication, presence of 100 mM Li+",725539
301,7.2.1.1,61.3,ubiquinone-1,Vibrio cholerae serotype O1,"['A5F5X1; <a href=""javascript:Sequence2(\'A5F5X0\')"">A5F5X0; <a href=""javascript:Sequence2(\'A5F5Y7\')"">A5F5Y7; <a href=""javascript:Sequence2(\'A5F5Y6\')"">A5F5Y6; <a href=""javascript:Sequence2(\'A5F5Y3\')"">A5F5Y3; <a href=""javascript:Sequence2(\'A5F5Y4\')"">A5F5Y4']","mutant D397K, pH 8.0, temperature not specified in the publication",725539
302,7.2.1.1,61.9,ubiquinone-1,Vibrio cholerae serotype O1,"['A5F5X1; <a href=""javascript:Sequence2(\'A5F5X0\')"">A5F5X0; <a href=""javascript:Sequence2(\'A5F5Y7\')"">A5F5Y7; <a href=""javascript:Sequence2(\'A5F5Y6\')"">A5F5Y6; <a href=""javascript:Sequence2(\'A5F5Y3\')"">A5F5Y3; <a href=""javascript:Sequence2(\'A5F5Y4\')"">A5F5Y4']","mutant D397C, presence of 2-mercaptoethanol, pH 8.0, temperature not specified in the publication",725539
303,7.2.1.1,65.7,ubiquinone-1,Vibrio cholerae serotype O1,"['A5F5X1; <a href=""javascript:Sequence2(\'A5F5X0\')"">A5F5X0; <a href=""javascript:Sequence2(\'A5F5Y7\')"">A5F5Y7; <a href=""javascript:Sequence2(\'A5F5Y6\')"">A5F5Y6; <a href=""javascript:Sequence2(\'A5F5Y3\')"">A5F5Y3; <a href=""javascript:Sequence2(\'A5F5Y4\')"">A5F5Y4']","mutant D397C, pH 8.0, temperature not specified in the publication",725539
304,7.2.1.1,66,ubiquinone-1,Vibrio cholerae serotype O1,"['A5F5X1; <a href=""javascript:Sequence2(\'A5F5X0\')"">A5F5X0; <a href=""javascript:Sequence2(\'A5F5Y7\')"">A5F5Y7; <a href=""javascript:Sequence2(\'A5F5Y6\')"">A5F5Y6; <a href=""javascript:Sequence2(\'A5F5Y3\')"">A5F5Y3; <a href=""javascript:Sequence2(\'A5F5Y4\')"">A5F5Y4']","mutant D397E, pH 8.0, temperature not specified in the publication",725539
305,7.2.1.1,66.3,ubiquinone-1,Vibrio cholerae serotype O1,"['A5F5X1; <a href=""javascript:Sequence2(\'A5F5X0\')"">A5F5X0; <a href=""javascript:Sequence2(\'A5F5Y7\')"">A5F5Y7; <a href=""javascript:Sequence2(\'A5F5Y6\')"">A5F5Y6; <a href=""javascript:Sequence2(\'A5F5Y3\')"">A5F5Y3; <a href=""javascript:Sequence2(\'A5F5Y4\')"">A5F5Y4']","wild-type, pH 8.0, temperature not specified in the publication",725539
306,7.2.1.1,70.6,ubiquinone-1,Vibrio cholerae serotype O1,"['A5F5X1; <a href=""javascript:Sequence2(\'A5F5X0\')"">A5F5X0; <a href=""javascript:Sequence2(\'A5F5Y7\')"">A5F5Y7; <a href=""javascript:Sequence2(\'A5F5Y6\')"">A5F5Y6; <a href=""javascript:Sequence2(\'A5F5Y3\')"">A5F5Y3; <a href=""javascript:Sequence2(\'A5F5Y4\')"">A5F5Y4']","mutant D397A, pH 8.0, temperature not specified in the publication, presence of 100 mM Na+",725539
307,7.2.1.1,72.3,ubiquinone-1,Vibrio cholerae serotype O1,"['A5F5X1; <a href=""javascript:Sequence2(\'A5F5X0\')"">A5F5X0; <a href=""javascript:Sequence2(\'A5F5Y7\')"">A5F5Y7; <a href=""javascript:Sequence2(\'A5F5Y6\')"">A5F5Y6; <a href=""javascript:Sequence2(\'A5F5Y3\')"">A5F5Y3; <a href=""javascript:Sequence2(\'A5F5Y4\')"">A5F5Y4']","mutant D397A, pH 8.0, temperature not specified in the publication",725539
308,7.2.1.1,72.3,ubiquinone-1,Vibrio cholerae serotype O1,"['A5F5X1; <a href=""javascript:Sequence2(\'A5F5X0\')"">A5F5X0; <a href=""javascript:Sequence2(\'A5F5Y7\')"">A5F5Y7; <a href=""javascript:Sequence2(\'A5F5Y6\')"">A5F5Y6; <a href=""javascript:Sequence2(\'A5F5Y3\')"">A5F5Y3; <a href=""javascript:Sequence2(\'A5F5Y4\')"">A5F5Y4']","mutant D397A, pH 8.0, temperature not specified in the publication, presence of 100 mM Li+",725539
309,7.2.1.1,80.7,ubiquinone-1,Vibrio cholerae serotype O1,"['A5F5X1; <a href=""javascript:Sequence2(\'A5F5X0\')"">A5F5X0; <a href=""javascript:Sequence2(\'A5F5Y7\')"">A5F5Y7; <a href=""javascript:Sequence2(\'A5F5Y6\')"">A5F5Y6; <a href=""javascript:Sequence2(\'A5F5Y3\')"">A5F5Y3; <a href=""javascript:Sequence2(\'A5F5Y4\')"">A5F5Y4']","mutant D397S, pH 8.0, temperature not specified in the publication, presence of 100 mM Li+",725539
310,7.2.1.1,95.5,ubiquinone-1,Vibrio cholerae serotype O1,"['A5F5X1; <a href=""javascript:Sequence2(\'A5F5X0\')"">A5F5X0; <a href=""javascript:Sequence2(\'A5F5Y7\')"">A5F5Y7; <a href=""javascript:Sequence2(\'A5F5Y6\')"">A5F5Y6; <a href=""javascript:Sequence2(\'A5F5Y3\')"">A5F5Y3; <a href=""javascript:Sequence2(\'A5F5Y4\')"">A5F5Y4']","mutant D397N, pH 8.0, temperature not specified in the publication, presence of 100 mM Li+",725539
311,7.2.1.1,96.4,ubiquinone-1,Vibrio cholerae serotype O1,"['A5F5X1; <a href=""javascript:Sequence2(\'A5F5X0\')"">A5F5X0; <a href=""javascript:Sequence2(\'A5F5Y7\')"">A5F5Y7; <a href=""javascript:Sequence2(\'A5F5Y6\')"">A5F5Y6; <a href=""javascript:Sequence2(\'A5F5Y3\')"">A5F5Y3; <a href=""javascript:Sequence2(\'A5F5Y4\')"">A5F5Y4']","mutant D397E, pH 8.0, temperature not specified in the publication, presence of 100 mM Li+",725539
312,7.2.1.1,101.3,ubiquinone-1,Vibrio cholerae serotype O1,"['A5F5X1; <a href=""javascript:Sequence2(\'A5F5X0\')"">A5F5X0; <a href=""javascript:Sequence2(\'A5F5Y7\')"">A5F5Y7; <a href=""javascript:Sequence2(\'A5F5Y6\')"">A5F5Y6; <a href=""javascript:Sequence2(\'A5F5Y3\')"">A5F5Y3; <a href=""javascript:Sequence2(\'A5F5Y4\')"">A5F5Y4']","mutant D397S, pH 8.0, temperature not specified in the publication, presence of 100 mM Na+",725539
313,7.2.1.1,102.9,ubiquinone-1,Vibrio cholerae serotype O1,"['A5F5X1; <a href=""javascript:Sequence2(\'A5F5X0\')"">A5F5X0; <a href=""javascript:Sequence2(\'A5F5Y7\')"">A5F5Y7; <a href=""javascript:Sequence2(\'A5F5Y6\')"">A5F5Y6; <a href=""javascript:Sequence2(\'A5F5Y3\')"">A5F5Y3; <a href=""javascript:Sequence2(\'A5F5Y4\')"">A5F5Y4']","mutant D397C, pH 8.0, temperature not specified in the publication, presence of 100 mM Li+",725539
314,7.2.1.1,110.6,ubiquinone-1,Vibrio cholerae serotype O1,"['A5F5X1; <a href=""javascript:Sequence2(\'A5F5X0\')"">A5F5X0; <a href=""javascript:Sequence2(\'A5F5Y7\')"">A5F5Y7; <a href=""javascript:Sequence2(\'A5F5Y6\')"">A5F5Y6; <a href=""javascript:Sequence2(\'A5F5Y3\')"">A5F5Y3; <a href=""javascript:Sequence2(\'A5F5Y4\')"">A5F5Y4']","mutant D397C, presence of 2-mercaptoethanol, pH 8.0, temperature not specified in the publication, presence of 100 mM Li+",725539
315,7.2.1.1,122.9,ubiquinone-1,Vibrio cholerae serotype O1,"['A5F5X1; <a href=""javascript:Sequence2(\'A5F5X0\')"">A5F5X0; <a href=""javascript:Sequence2(\'A5F5Y7\')"">A5F5Y7; <a href=""javascript:Sequence2(\'A5F5Y6\')"">A5F5Y6; <a href=""javascript:Sequence2(\'A5F5Y3\')"">A5F5Y3; <a href=""javascript:Sequence2(\'A5F5Y4\')"">A5F5Y4']","mutant D397N, pH 8.0, temperature not specified in the publication, presence of 100 mM Na+",725539
316,7.2.1.1,129.6,ubiquinone-1,Vibrio cholerae serotype O1,"['A5F5X1; <a href=""javascript:Sequence2(\'A5F5X0\')"">A5F5X0; <a href=""javascript:Sequence2(\'A5F5Y7\')"">A5F5Y7; <a href=""javascript:Sequence2(\'A5F5Y6\')"">A5F5Y6; <a href=""javascript:Sequence2(\'A5F5Y3\')"">A5F5Y3; <a href=""javascript:Sequence2(\'A5F5Y4\')"">A5F5Y4']","mutant D397E, pH 8.0, temperature not specified in the publication, presence of 100 mM Na+",725539
317,7.2.1.1,152.9,ubiquinone-1,Vibrio cholerae serotype O1,"['A5F5X1; <a href=""javascript:Sequence2(\'A5F5X0\')"">A5F5X0; <a href=""javascript:Sequence2(\'A5F5Y7\')"">A5F5Y7; <a href=""javascript:Sequence2(\'A5F5Y6\')"">A5F5Y6; <a href=""javascript:Sequence2(\'A5F5Y3\')"">A5F5Y3; <a href=""javascript:Sequence2(\'A5F5Y4\')"">A5F5Y4']","mutant D397C, pH 8.0, temperature not specified in the publication, presence of 100 mM Na+",725539
318,7.2.1.1,162.2,ubiquinone-1,Vibrio cholerae serotype O1,"['A5F5X1; <a href=""javascript:Sequence2(\'A5F5X0\')"">A5F5X0; <a href=""javascript:Sequence2(\'A5F5Y7\')"">A5F5Y7; <a href=""javascript:Sequence2(\'A5F5Y6\')"">A5F5Y6; <a href=""javascript:Sequence2(\'A5F5Y3\')"">A5F5Y3; <a href=""javascript:Sequence2(\'A5F5Y4\')"">A5F5Y4']","mutant D397C, presence of 2-mercaptoethanol, pH 8.0, temperature not specified in the publication, presence of 100 mM Na+",725539
319,7.2.1.1,200,ubiquinone-1,Vibrio cholerae serotype O1,"['A5F5X1; <a href=""javascript:Sequence2(\'A5F5X0\')"">A5F5X0; <a href=""javascript:Sequence2(\'A5F5Y7\')"">A5F5Y7; <a href=""javascript:Sequence2(\'A5F5Y6\')"">A5F5Y6; <a href=""javascript:Sequence2(\'A5F5Y3\')"">A5F5Y3; <a href=""javascript:Sequence2(\'A5F5Y4\')"">A5F5Y4']","mutant G140A, pH 8.0, temperature not specified in the publication",725481
320,7.2.1.1,200,ubiquinone-1,Vibrio cholerae serotype O1,"['A5F5X1; <a href=""javascript:Sequence2(\'A5F5X0\')"">A5F5X0; <a href=""javascript:Sequence2(\'A5F5Y7\')"">A5F5Y7; <a href=""javascript:Sequence2(\'A5F5Y6\')"">A5F5Y6; <a href=""javascript:Sequence2(\'A5F5Y3\')"">A5F5Y3; <a href=""javascript:Sequence2(\'A5F5Y4\')"">A5F5Y4']","mutant G140L, pH 8.0, temperature not specified in the publication",725481
321,7.2.1.1,205.5,ubiquinone-1,Vibrio cholerae serotype O1,"['A5F5X1; <a href=""javascript:Sequence2(\'A5F5X0\')"">A5F5X0; <a href=""javascript:Sequence2(\'A5F5Y7\')"">A5F5Y7; <a href=""javascript:Sequence2(\'A5F5Y6\')"">A5F5Y6; <a href=""javascript:Sequence2(\'A5F5Y3\')"">A5F5Y3; <a href=""javascript:Sequence2(\'A5F5Y4\')"">A5F5Y4']","wild-type, pH 8.0, temperature not specified in the publication, presence of 100 mM Li+",725539
322,7.2.1.1,388,ubiquinone-1,Vibrio cholerae serotype O1,"['A5F5X1; <a href=""javascript:Sequence2(\'A5F5X0\')"">A5F5X0; <a href=""javascript:Sequence2(\'A5F5Y7\')"">A5F5Y7; <a href=""javascript:Sequence2(\'A5F5Y6\')"">A5F5Y6; <a href=""javascript:Sequence2(\'A5F5Y3\')"">A5F5Y3; <a href=""javascript:Sequence2(\'A5F5Y4\')"">A5F5Y4']","mutant G141V, pH 8.0, temperature not specified in the publication",725481
323,7.2.1.1,425,ubiquinone-1,Vibrio cholerae serotype O1,"['A5F5X1; <a href=""javascript:Sequence2(\'A5F5X0\')"">A5F5X0; <a href=""javascript:Sequence2(\'A5F5Y7\')"">A5F5Y7; <a href=""javascript:Sequence2(\'A5F5Y6\')"">A5F5Y6; <a href=""javascript:Sequence2(\'A5F5Y3\')"">A5F5Y3; <a href=""javascript:Sequence2(\'A5F5Y4\')"">A5F5Y4']","mutant G141A, pH 8.0, temperature not specified in the publication",725481
324,7.2.1.1,463,ubiquinone-1,Vibrio cholerae serotype O1,"['A5F5X1; <a href=""javascript:Sequence2(\'A5F5X0\')"">A5F5X0; <a href=""javascript:Sequence2(\'A5F5Y7\')"">A5F5Y7; <a href=""javascript:Sequence2(\'A5F5Y6\')"">A5F5Y6; <a href=""javascript:Sequence2(\'A5F5Y3\')"">A5F5Y3; <a href=""javascript:Sequence2(\'A5F5Y4\')"">A5F5Y4']","mutant G141L, pH 8.0, temperature not specified in the publication",725481
325,7.2.1.1,525,ubiquinone-1,Vibrio cholerae serotype O1,"['A5F5X1; <a href=""javascript:Sequence2(\'A5F5X0\')"">A5F5X0; <a href=""javascript:Sequence2(\'A5F5Y7\')"">A5F5Y7; <a href=""javascript:Sequence2(\'A5F5Y6\')"">A5F5Y6; <a href=""javascript:Sequence2(\'A5F5Y3\')"">A5F5Y3; <a href=""javascript:Sequence2(\'A5F5Y4\')"">A5F5Y4']","wild-type, pH 8.0, temperature not specified in the publication",725481
326,7.2.1.1,528.5,ubiquinone-1,Vibrio cholerae serotype O1,"['A5F5X1; <a href=""javascript:Sequence2(\'A5F5X0\')"">A5F5X0; <a href=""javascript:Sequence2(\'A5F5Y7\')"">A5F5Y7; <a href=""javascript:Sequence2(\'A5F5Y6\')"">A5F5Y6; <a href=""javascript:Sequence2(\'A5F5Y3\')"">A5F5Y3; <a href=""javascript:Sequence2(\'A5F5Y4\')"">A5F5Y4']","wild-type, pH 8.0, temperature not specified in the publication, presence of 100 mM Na+",725539
327,7.2.2.10,3.5,ATP,Homo sapiens,['P98194'],"ATPase turnover rate, pH 7.0, 37xc2xb0C, isozyme SPCA1a",669402
328,7.2.2.10,15.9,ATP,Homo sapiens,['P98194'],"ATPase turnover rate, pH 7.0, 37xc2xb0C, isozyme SPCA1d",669402
329,7.2.2.10,20.27,ATP,Homo sapiens,['P98194'],"ATPase turnover rate, pH 7.0, 37xc2xb0C, isozyme SPCA1a",669402
330,7.2.2.10,22.5,ATP,Homo sapiens,['P98194'],"ATPase turnover rate, pH 7.0, 37xc2xb0C, isozyme SPCA1b",669402
331,7.2.2.10,27.44,ATP,Homo sapiens,['P98194'],"ATPase turnover rate, pH 7.0, 37xc2xb0C, isozyme SPCA1d",669402
332,7.2.2.10,130,ATP,Homo sapiens,['P98194'],"ATPase turnover rate, pH 7.0, 37xc2xb0C, isozyme SERCA1a",669402
333,7.2.2.10,9.5,Ca2+,Oryctolagus cuniculus,[],"calcium pump activity, pH 7.2, 37xc2xb0C",667995
334,7.2.2.10,90,Ca2+,Homo sapiens,[],"isoform 3c in presence of a saturing Ca2+ at pH 7.0, in presence of ionophore",656099
335,7.2.2.10,95,Ca2+,Oryctolagus cuniculus,[],"in presence of 0.1 mM Ca2+ at pH optimum 7.23, in presence of ionophore",656099
336,7.2.2.10,98,Ca2+,Homo sapiens,[],"isoform 3a in presence of a saturing Ca2+ concentration at pH 7.0, in presence of ionophore",656099
337,7.2.2.10,100,Ca2+,Homo sapiens,[],"isoform 3b in presence of a saturing Ca2+ at pH 7.0, in presence of ionophore",656099
338,7.2.2.10,128,Ca2+,Oryctolagus cuniculus,[],"in presence of a saturing Ca2+ at pH 7.0, in presence of ionophore",656099
339,7.2.2.10,132,Ca2+,Homo sapiens,[],"isoform 3a in presence of 0.1 mM Ca2+ at pH optimum 7.72, in presence of ionophore",656099
340,7.2.2.10,134,Ca2+,Homo sapiens,[],"isoform 3c in presence of 0.1 mM Ca2+ at pH optimum 7.78, in presence of ionophore",656099
341,7.2.2.10,149,Ca2+,Homo sapiens,[],"isoform 3b in presence of 0.1 mM Ca2+ at pH optimum 7.74, in presence of ionophore",656099
342,7.2.2.12,300,ATP,Noccaea caerulescens,['Q70LF4'],"in the presence of Zn2+ or Cd2+, in 0.6 M Tris, 2 M NaCl and 0.1 M MgCl2, pH 8.0, at 30xc2xb0C",718974
343,7.2.2.13,2 - 8,K+,Oryctolagus cuniculus,[],"predicted, in the presence of 5.6 mM external K+",675720
344,7.2.2.13,3 - 6,K+,Oryctolagus cuniculus,[],"predicted, in the presence of 15 mM external K+",675720
345,7.2.2.13,20.1,Na+/in,Octopus bimaculatus,['F8V2T6'],"maximum turnover rate per pump, pH not specified in the publication, 22xc2xb0C",720122
346,7.2.2.13,25.5,Na+/in,Pareledone sp.,['F8V2T5'],"maximum turnover rate per pump, pH not specified in the publication, 22xc2xb0C",720122
347,7.2.2.14,22,Mg2+[side 1],Escherichia coli,['P0ABB8'],"with 3 or 6 mM ATP, at pH 7.0 and 37xc2xb0C",750401
348,7.2.2.14,23,Mg2+[side 1],Escherichia coli,['P0ABB8'],"with 1 mM ATP, at pH 7.0 and 37xc2xb0C",750401
349,7.2.2.8,5.9,4-nitrophenyl phosphate,Archaeoglobus fulgidus,['O29777'],"pH 6.1, 75xc2xb0C",749955
350,7.2.2.8,0.26,ATP,Archaeoglobus fulgidus,['O29777'],"pH 6.1, 75xc2xb0C",749955
351,7.4.2.3,0.00068,ATP,Homo sapiens,[],"pH 7.5, 25xc2xb0C, full-length mtHsp70 in absence of Hep",698800
352,7.4.2.5,0.0005,ATP,Homo sapiens,[],mutant Q701H,687520
353,7.4.2.5,0.001,ATP,Homo sapiens,[],mutant D668/Q701H,687520
354,7.4.2.5,0.021,ATP,Escherichia coli,[],mutant enzyme Y477W,667693
355,7.4.2.5,0.093,ATP,Escherichia coli,[],wild-type enzyme,667693
356,7.4.2.5,0.11,ATP,Escherichia coli,[],"pH 8.0, 25xc2xb0C, 200 mM NaCl",667495
357,7.4.2.5,0.2,ATP,Escherichia coli,[],"pH 8.0, 25xc2xb0C, 100 mM NaCl",667495
358,7.4.2.5,0.31,ATP,Escherichia coli,[],"pH 8.0, 25xc2xb0C, 50 mM NaCl",667495
359,7.4.2.5,0.33,ATP,Escherichia coli,[],"pH 8.0, 25xc2xb0C, 10 mM NaCl",667495
360,7.4.2.5,5,ATP,Homo sapiens,[],"pH 7.4, 32xc2xb0C",657183
361,7.4.2.5,25,ATP,Saccharomyces cerevisiae,[],"pH 9.0, 30xc2xb0C",656145
362,7.4.2.8,0.00062,ATP,Xanthomonas campestris,[],"XpsE wild-type, full-lenght",689047
363,7.4.2.8,0.00275,ATP,Xanthomonas campestris,[],XpsE mutant R286A,689047
364,7.4.2.8,0.00305,ATP,Xanthomonas campestris,[],"XpsE, N-domain removed",689047
365,7.4.2.8,0.0036,ATP,Xanthomonas campestris,[],"XpsE mutant R286A, N-domain removed",689047
366,7.4.2.8,0.005,ATP,Xanthomonas campestris,[],"XpsE mutant R286A + MBP-tagged XpsL, residues 1-215",689047
367,7.4.2.8,0.00505,ATP,Xanthomonas campestris,[],"XpsE wild-type + MBP-tagged XpsL, residues 1-215",689047
368,7.4.2.8,0.00525,ATP,Xanthomonas campestris,[],"XpsE, N-domain removed + MBP-tagged XpsL, residues 1-215",689047
369,7.4.2.8,0.00558,ATP,Xanthomonas campestris,[],"XpsE mutant R286A, N-domain removed + MBP-tagged XpsL, residues 1-215",689047
370,7.4.2.8,0.052,ATP,Pseudomonas syringae,['Q8RK01'],"pH 8.0, 30xc2xb0C, monomeric form",656142
371,7.4.2.8,0.289,ATP,Escherichia coli,['B7UMA6'],at pH 8.5 and 25xc2xb0C,749486
372,7.4.2.8,0.35,ATP,Escherichia coli,[],-,684692
373,7.4.2.8,0.84,ATP,Shigella flexneri,[],at pH 7.9 and 25xc2xb0C,749927
374,7.4.2.8,1.18,ATP,Shigella flexneri,[],at pH 7.9 and 25xc2xb0C,752130
375,7.4.2.8,447,ATP,Pseudomonas syringae,['Q8RK01'],"pH 8.0, 30xc2xb0C, dodecameric form",656142
376,7.4.2.8,674,ATP,Legionella pneumophila,['O52185'],"pH 8.0, 22xc2xb0C, recombinant enzyme",752136
377,7.4.2.8,674,ATP,Legionella pneumophila,['O52185'],"subunit DotBL, at 25xc2xb0C, pH not specified in the publication",752136
378,7.4.2.9,24.4,L-Ala-L-gamma-Glu-L-Leu-[L-Ala-L-gamma-Glu-L-Leu-binding protein][side 1],Escherichia coli,[],at pH 7.0 and 37xc2xb0C,749669
379,7.4.2.9,8.31,L-Ala-L-gamma-Glu-L-Phe-L-Leu-[L-Ala-L-gamma-Glu-L-Phe-L-Leu-binding protein][side 1],Escherichia coli,[],at pH 7.0 and 37xc2xb0C,749669
380,7.5.2.1,0.3,ATP,Escherichia coli,[],at pH 7.5 and 37xc2xb0C,748199
381,7.5.2.1,1.2,ATP,Escherichia coli,[],"in the presence of MalE, at pH 7.5 and 37xc2xb0C",748199
382,7.5.2.1,7.8,ATP,Escherichia coli,[],"in the presence of MalE and maltose, at pH 7.5 and 37xc2xb0C",748199
383,7.5.2.2,0.11,ATP,Escherichia coli,[],"KM-value with 50% of the enzyme being substrate-saturated, in the presence of 200 mM NaCl",667495
384,7.5.2.2,0.2,ATP,Escherichia coli,[],"KM-value with 50% of the enzyme being substrate-saturated, in the presence of 100 mM NaCl",667495
385,7.5.2.2,0.31,ATP,Escherichia coli,[],"KM-value with 50% of the enzyme being substrate-saturated, in the presence of 50 mM NaCl",667495
386,7.5.2.2,0.33,ATP,Escherichia coli,[],"KM-value with 50% of the enzyme being substrate-saturated, in the presence of 10 mM NaCl",667495
387,7.6.2.2,0.078,ATP,Bos taurus,['Q8HXQ5'],pH and temperature not specified in the publication,747475
388,7.6.2.2,0.189,ATP,Homo sapiens,[],"pH 7.4, 37xc2xb0C, native enzyme, value for basal ATPase activity with no transport substrate",711970
389,7.6.2.2,2.38,ATP,Homo sapiens,[],"pH 7.4, 37xc2xb0C, trypsin-cleaved enzyme, value for basal ATPase activity with no transport substrate",711970
390,7.6.2.2,2.95,ATP,Homo sapiens,[],"pH 7.4, 37xc2xb0C, chymotrypsin-cleaved enzyme, value for basal ATPase activity with no transport substrate",711970
391,7.6.2.2,1.25,colchicine/in,Homo sapiens,[],"pH 7.4, 37xc2xb0C, native enzyme",711970
392,7.6.2.2,6.4,colchicine/in,Homo sapiens,[],"pH 7.4, 37xc2xb0C, chymotrypsin-cleaved enzyme",711970
393,7.6.2.2,7.81,colchicine/in,Homo sapiens,[],"pH 7.4, 37xc2xb0C, trypsin-cleaved enzyme",711970
394,7.6.2.2,0.791,digoxin/in,Homo sapiens,[],"pH 7.4, 37xc2xb0C, native enzyme",711970
395,7.6.2.2,5.65,digoxin/in,Homo sapiens,[],"pH 7.4, 37xc2xb0C, trypsin-cleaved enzyme",711970
396,7.6.2.2,5.99,digoxin/in,Homo sapiens,[],"pH 7.4, 37xc2xb0C, chymotrypsin-cleaved enzyme",711970
397,7.6.2.2,3.48,nicardipine/in,Homo sapiens,[],"pH 7.4, 37xc2xb0C, native enzyme",711970
398,7.6.2.2,7.8,nicardipine/in,Homo sapiens,[],"pH 7.4, 37xc2xb0C, chymotrypsin-cleaved enzyme",711970
399,7.6.2.2,8.44,nicardipine/in,Homo sapiens,[],"pH 7.4, 37xc2xb0C, trypsin-cleaved enzyme",711970
400,7.6.2.2,1.3,paclitaxel/in,Homo sapiens,[],"pH 7.4, 37xc2xb0C, chymotrypsin-cleaved enzyme",711970
401,7.6.2.2,1.5,paclitaxel/in,Homo sapiens,[],"pH 7.4, 37xc2xb0C, trypsin-cleaved enzyme",711970
402,7.6.2.2,2.2,paclitaxel/in,Homo sapiens,[],"pH 7.4, 37xc2xb0C, native enzyme",711970
403,7.6.2.2,1.84,rhodamine 123/in,Homo sapiens,[],"pH 7.4, 37xc2xb0C, native enzyme",711970
404,7.6.2.2,8.19,rhodamine 123/in,Homo sapiens,[],"pH 7.4, 37xc2xb0C, trypsin-cleaved enzyme",711970
405,7.6.2.2,8.56,rhodamine 123/in,Homo sapiens,[],"pH 7.4, 37xc2xb0C, chymotrypsin-cleaved enzyme",711970
406,7.6.2.2,2.23,rhodamine B/in,Homo sapiens,[],"pH 7.4, 37xc2xb0C, native enzyme",711970
407,7.6.2.2,6.99,rhodamine B/in,Homo sapiens,[],"pH 7.4, 37xc2xb0C, trypsin-cleaved enzyme",711970
408,7.6.2.2,7.22,rhodamine B/in,Homo sapiens,[],"pH 7.4, 37xc2xb0C, chymotrypsin-cleaved enzyme",711970
409,7.6.2.2,5.8,verapamil,Homo sapiens,[],"pH 7.4, 37xc2xb0C, EPR spin-labeled verapamil",659188
410,7.6.2.2,3.28,verapamil/in,Homo sapiens,[],"pH 7.4, 37xc2xb0C, native enzyme",711970
411,7.6.2.2,7.71,verapamil/in,Homo sapiens,[],"pH 7.4, 37xc2xb0C, chymotrypsin-cleaved enzyme",711970
412,7.6.2.2,8.27,verapamil/in,Homo sapiens,[],"pH 7.4, 37xc2xb0C, trypsin-cleaved enzyme",711970
413,7.6.2.2,1.9,vinblastine/in,Homo sapiens,[],"pH 7.4, 37xc2xb0C, native enzyme",711970
414,7.6.2.2,6.39,vinblastine/in,Homo sapiens,[],"pH 7.4, 37xc2xb0C, trypsin-cleaved enzyme",711970
415,7.6.2.2,6.54,vinblastine/in,Homo sapiens,[],"pH 7.4, 37xc2xb0C, chymotrypsin-cleaved enzyme",711970
416,7.6.2.8,0.3,ATP,Escherichia coli,[],"pure subunit BtuD, pH 7.5, 37xc2xb0C",719930
417,7.6.2.8,1.39,ATP,Escherichia coli,[],"BtuCD complex, pH 7.5, 37xc2xb0C",719930
418,7.6.2.9,0.004,ATP,Bacillus subtilis,[],"22xc2xbaC, pH 8.0, 0.15 M NaCl, monomeric and dimeric OpuAA",656531
419,7.6.2.9,0.004,ATP,Bacillus subtilis,[],"22xc2xbaC, pH 8.0, 1 M NaCl, dimeric OpuAA",656531
420,7.6.2.9,0.038,ATP,Bacillus subtilis,[],"22xc2xbaC, pH 8.0, 1 M NaCl, monomeric OpuAA",656531
421,7.6.2.9,0.25,ATP,Bacillus subtilis,[],"22xc2xbaC, pH 8.0, 1 M KCl, monomeric OpuAA",656531
